# province id;panel artwork — hand-curated African-inspired art for the Gakegan region
20625;pa_366.jpg
20636;pa_367.jpg
20640;pa_385.jpg
20644;pa_1.jpg
20645;pa_46.jpg
20649;pa_386.jpg
20653;pa_7.jpg
20655;pa_152.jpg
20661;pa_232.jpg
20662;pa_237.jpg
20664;pa_120.jpg
20667;pa_137.jpg
20671;pa_207.jpg
20676;pa_363.jpg
20681;pa_263.jpg
20684;pa_106.jpg
20686;pa_153.jpg
20689;pa_157.jpg
20695;pa_41.jpg
20698;pa_52.jpg
20701;pa_244.jpg
20710;pa_76.jpg
20713;pa_107.jpg
20714;pa_183.jpg
20716;pa_225.jpg
20720;pa_248.jpg
20723;pa_19.jpg
20724;pa_215.jpg
20731;pa_384.jpg
20733;pa_310.jpg
20734;pa_113.jpg
20735;pa_166.jpg
20736;pa_94.jpg
20737;pa_234.jpg
20739;pa_63.jpg
20755;pa_181.jpg
