20042;Killopis
20066;Killopis
20091;Wolenhills
20102;Shaorg Crvip
20107;Doshhills
20112;Tinmill
20159;Killopis
20172;Whateview
20190;Trapomes
20232;Trapomes
20234;Trapomes
20244;The Grvdges
20263;Whateview
20334;The Grvdges
20406;Cimbin Jealen
20418;The Grvdges
20454;The Grvdges
20461;The Grvdges
20467;Cimbin Jealen
20529;Cimbin Jealen
20552;Qimarre
20559;Annhvr
20592;Resoeti
20654;Qimarre
20683;Eymbvsry
20687;Spyarber
20754;Ragsas
20763;The Passapartagos
20773;Impermare
20774;Impermare
20836;Saghclios
20837;Shaorg Crvip
20838;Wolenhills
20839;Doshhills
20842;Trapomes
20843;Trapomes
20845;Tinmill
20847;Amewill
20848;Amewill
20849;Rivnho
20850;Annhvr
20856;Annhvr
20857;Eymbvsry
20860;Qimarre
